Wavelength,Signal
657.8578578578579,0.2509085554246908
768.3683683683685,0.04291409704816673
783.983983983984,0.030675060403294208
427.62762762762765,0.16028755840217354
488.4884884884885,0.6585787732089214
485.2852852852853,0.6943166511318835
749.5495495495495,0.004048574492820034
612.2122122122122,0.9688513296092549
638.2382382382382,999999999.7631173
649.8498498498499,0.2077450345318864
673.8738738738739,0.26910041268140217
623.4234234234234,0.4394255415074889
523.7237237237238,0.9791026650910821
646.6466466466467,0.2086013951345821
538.5385385385385,1000000000.1226845
615.8158158158158,0.7925588141044111
628.2282282282282,0.34290463845506314
516.5165165165165,0.9352633979149394
709.9099099099099,0.4849797988510314
540.9409409409409,0.9538919881567605
537.7377377377377,0.8918941568242774
767.1671671671672,0.16720109928902346
753.5535535535536,0.17571229102640726
406.80680680680683,0.09816939416569051
694.2942942942943,0.3565427040219623
457.65765765765764,0.4196905786187075
684.2842842842842,0.23192010979050615
777.9779779779781,0.13205514203897362
574.1741741741741,0.9491344856594011
545.7457457457458,0.8072965491588187
656.6566566566567,0.26794406616485733
530.5305305305305,0.9316488145989715
478.8788788788789,0.985051344440167
472.4724724724725,0.55896681983454
667.067067067067,0.23741732643635008
616.2162162162163,0.888895262773115
428.8288288288288,0.2585491888121985
437.23723723723725,0.2988976035048381
612.6126126126126,0.9142379199752928
603.4034034034034,1.0661445397823412
518.5185185185185,0.9617824961405795
735.1351351351352,0.36519358395432033
732.3323323323323,0.35545051913755604
727.5275275275276,0.3278859645997903
510.9109109109109,0.9870696408613835
671.8718718718719,0.27727396341536437
782.7827827827828,-0.06847967650779813
665.4654654654655,0.20868045511248365
456.05605605605604,0.4607781163727566
728.7287287287288,0.5083392736420878
714.3143143143143,0.41746569257304617
752.7527527527527,0.18355873743362655
476.87687687687685,0.5377351729526252
453.65365365365363,0.3733875945887859
655.4554554554554,0.23758202158545874
713.1131131131131,0.30165129009372715
419.2192192192192,0.04385898357312533
598.1981981981983,1.6173006542631816
758.3583583583584,0.13483059950752266
462.46246246246244,0.479690105729931
719.5195195195195,0.454278107360991
439.2392392392392,0.23094610932735227
701.5015015015015,0.32080006043684867
577.3773773773773,1.0751813012089386
562.1621621621622,0.7275651079552794
573.3733733733734,0.995334611708896
466.06606606606607,0.5549191967466879
668.2682682682682,0.1805798181136411
696.2962962962963,0.3348055432870718
492.4924924924925,0.8095033263369911
417.21721721721724,0.17912666973066024
401.6016016016016,0.16511839473670628
534.5345345345345,0.9757445692702182
717.917917917918,0.43778423572693637
796.7967967967968,0.047728395734784324
474.0740740740741,0.5828467247160862
686.6866866866867,0.29148676082582214
580.5805805805805,1.1976182966808921
606.6066066066066,1.0356748800564086
663.8638638638638,0.22328166925887433
790.7907907907909,-0.07566919644341918
400.8008008008008,0.1274556958434317
544.1441441441441,0.8307657331939589
496.0960960960961,0.8524943503109694
740.3403403403404,0.18438682336903367
713.5135135135135,0.495689292889694
539.7397397397398,0.9694053190940699
458.05805805805807,0.4202180318340225
764.7647647647648,-0.032584628486877654
639.8398398398399,0.09077398118745414
525.7257257257257,0.9474897936978812
705.5055055055055,0.358075715874392
727.1271271271271,0.380602077977519
594.5945945945946,1.5714729812629868
639.039039039039,0.20602516909567234
648.6486486486486,0.16778152849728956
536.1361361361362,0.9113593343038633
636.6366366366367,0.19736001633172237
442.84284284284286,0.23760186134740502
499.6996996996997,0.8095430723566327
741.941941941942,0.2276502987278176
789.5895895895897,-0.03658060557844223
767.5675675675676,0.010870436931151861
568.5685685685686,0.8894406716328851
731.5315315315315,0.3749983724524259
744.3443443443443,0.32000945369831935
782.3823823823824,-0.030408717852336564
777.5775775775776,-0.04184515839624264
520.9209209209209,0.9378703375209291
711.5115115115116,0.3468377732769896
556.9569569569569,0.8047056639078918
746.3463463463463,0.19016397558096487
470.0700700700701,0.4791848565779704
661.8618618618618,0.22145775297345047
608.2082082082082,1.1318983423353037
402.4024024024024,0.12275497304871812
455.65565565565566,0.41064386591281754
750.3503503503504,0.12968024131386544
503.7037037037037,0.8468949399482175
718.7187187187187,0.42336945504700507
404.40440440440443,0.15376800029920998
533.3333333333334,0.9182658298853651
630.2302302302303,0.39155231275547697
472.8728728728729,0.6062847264555868
446.04604604604606,0.27069489845399236
590.5905905905906,1.4621577957959047
595.7957957957958,1.5525924451368347
548.948948948949,0.8176999891682055
554.9549549549549,0.8503921099245166
546.1461461461462,0.9157226968244268
588.1881881881882,1.4552585501730324
610.6106106106106,1.0270462877983986
688.2882882882883,0.3000584480476099
609.009009009009,1.003150919505323
751.1511511511512,0.16948776817631703
679.8798798798799,0.3239309206045952
444.044044044044,0.3631016801268106
427.2272272272272,0.13581705779142136
408.40840840840843,0.1490736786276266
755.5555555555557,0.08045121567200397
495.6956956956957,0.7980745676136496
470.8708708708709,0.5579552569618162
487.6876876876877,0.7365900109639879
520.1201201201202,0.9636602509930315
576.1761761761762,1.0126970279566279
669.4694694694695,0.2146593164680133
529.7297297297298,1.0751168824935864
662.6626626626627,0.2588445287753475
658.2582582582583,0.16342557026914822
570.9709709709709,0.8969809927222261
430.03003003003005,0.3059049796698933
659.4594594594595,0.2499579793816629
748.7487487487488,0.21841890754564602
687.0870870870872,0.331019021255494
509.3093093093093,0.9380518747087513
618.6186186186186,0.8084905562377829
640.6406406406406,0.225920215977616
517.3173173173174,0.9191460171295401
478.47847847847845,0.7880487154048654
536.936936936937,0.9189566135235117
757.1571571571571,0.1695463876645528
426.02602602602605,0.22031591257677866
452.05205205205203,0.28994554016069307
601.8018018018018,0.9946446974445002
514.9149149149149,0.9670641619841562
787.5875875875877,-0.021360747433788407
426.82682682682685,0.26922103921301827
745.1451451451452,0.21010301503472384
695.8958958958959,0.32894277259081717
785.5855855855856,-0.03289253072168663
495.2952952952953,0.8077014244256281
647.047047047047,0.24029390844200893
600.2002002002002,1.0049532014778573
678.6786786786787,0.25334868618508266
762.3623623623623,0.10256069253267924
494.0940940940941,0.9701272104074544
542.1421421421421,0.8239725236411836
586.986986986987,1.3709108454914751
730.3303303303303,0.27067979108006207
411.2112112112112,0.03115270704596883
420.42042042042044,0.22221202735887938
770.7707707707708,0.06429045037406694
456.45645645645646,0.4163995199896003
641.4414414414415,0.2155452700411909
414.81481481481484,0.15454830182638898
785.985985985986,-0.09410806994544957
464.8648648648649,0.5016276328053486
703.1031031031032,0.30829106132464174
626.2262262262262,0.4335772404943673
699.0990990990991,0.2895998748819792
621.8218218218218,0.5568130333209803
484.88488488488485,0.7767974500193549
520.5205205205206,1.018948660318457
761.9619619619621,0.11987093013882125
625.8258258258259,0.4306682077655891
684.6846846846847,0.3155483840212538
542.5425425425426,0.9385533790241568
466.4664664664665,0.5124469961257322
632.6326326326326,0.20581471750224015
706.3063063063064,0.37207030819448944
476.0760760760761,0.5727262415384349
446.84684684684686,0.34031287667389953
424.8248248248248,0.19431463333783233
496.8968968968969,0.6908642200049745
457.25725725725727,0.45017549221408276
413.6136136136136,0.15506815279724728
575.7757757757759,0.9245709352431508
687.8878878878879,0.3743012372968962
576.5765765765766,0.9497188385618351
590.990990990991,1.531603812991417
592.1921921921922,1.4781109560322387
505.7057057057057,0.9124398609011888
443.64364364364366,0.26649535008454717
604.2042042042042,1.0576847236340903
642.2422422422422,0.19412526625670862
697.8978978978979,0.24711868088446567
496.4964964964965,0.810066965196766
645.4454454454454,0.27266546599978725
695.4954954954956,0.29063692909889366
530.9309309309309,0.9335914759489001
726.7267267267267,0.24311638181863587
564.964964964965,0.8170010463333985
411.61161161161164,0.11577925854059057
779.5795795795796,0.08039984121261368
602.6026026026026,1.0780122701443822
693.4934934934936,0.3046083746011092
680.2802802802803,0.13441618260878033
735.935935935936,0.2597792811131353
509.7097097097097,1.0526633476710134
680.6806806806808,0.20954729595588711
603.003003003003,1.0963766507482928
415.61561561561564,0.11096464957521768
535.3353353353353,0.9427129608013826
417.6176176176176,0.12521040088536806
693.0930930930931,0.4123631147042507
435.63563563563565,0.26727157428638737
733.5335335335335,0.31639189737759765
723.9239239239239,0.37884668830811186
519.3193193193193,1.0403381631099509
404.8048048048048,0.20038652283104885
763.1631631631632,0.002193064115565191
664.6646646646647,0.2508767521359332
569.3693693693693,0.8117859230000655
621.021021021021,0.5915888001822662
615.4154154154154,0.8208254532654794
487.2872872872873,0.7310902280944893
653.4534534534534,0.17862593348592132
679.0790790790791,0.16130437399884395
400.0,0.17738179763913497
548.5485485485485,0.820650096310622
685.0850850850851,0.2028664806634458
550.950950950951,0.7996749918200112
532.5325325325325,0.9004123240959621
570.5705705705706,0.8085470056413668
510.5105105105105,0.9536947816284765
522.1221221221222,0.978056786205362
423.2232232232232,0.1749140893724782
792.3923923923924,-0.10962612578875991
741.5415415415416,0.29608313919449103
441.24124124124126,0.25938435076901367
657.0570570570571,0.17434858566535955
510.1101101101101,0.9870808134744274
651.8518518518518,0.26735768519366016
606.2062062062062,1.034678124235116
672.2722722722723,0.19863471013926787
553.3533533533533,0.7386376754400463
622.2222222222222,0.6015070617426408
469.6696696696697,0.5178946891046867
778.3783783783783,0.01726196997439894
558.5585585585586,0.8333887550602231
617.017017017017,0.71447331155356
577.7777777777778,1.0388769836382203
561.7617617617618,0.7610271841714706
724.3243243243244,0.28549711684596935
610.2102102102102,1.0439517813519026
645.8458458458458,0.21791693558159944
611.0110110110111,0.9984786282973825
798.7987987987988,0.03961712237052939
625.025025025025,0.3823259927403565
721.1211211211212,0.4130275169661173
566.966966966967,0.8075687926859948
700.3003003003003,0.265607103918728
562.9629629629629,0.852358773248195
660.2602602602603,0.2288213055725769
592.5925925925926,1.5298100908079995
647.8478478478479,0.21350551825857214
693.8938938938938,0.27498046516984165
688.6886886886887,0.32934974358290514
692.6926926926927,0.3106018076412242
730.7307307307308,0.34983320019670006
715.915915915916,0.4491335550808768
435.2352352352352,0.23931982938627439
462.86286286286287,0.4756177123868812
430.83083083083085,0.21049592184777915
715.1151151151151,0.382437300249986
702.3023023023023,0.3302785243744871
451.65165165165166,0.3653965554919238
657.4574574574574,0.09828645035496592
773.5735735735736,-0.033460536290955634
689.0890890890892,0.37650875102935466
707.9079079079079,0.3857884305693747
569.7697697697697,0.8293900583463355
673.0730730730731,0.2687701250960216
586.1861861861862,1.442117843270122
541.7417417417417,0.8832185319605791
460.46046046046047,0.39039640116058805
718.3183183183183,0.4201211047152068
406.4064064064064,0.19558038333049568
651.0510510510511,0.26769393964368016
453.25325325325326,1000000000.0167317
765.5655655655655,0.07773599297569761
512.9129129129129,0.9439835460111273
791.5915915915916,0.06028371363704821
639.4394394394394,0.20045124957176116
584.1841841841842,1.2182797445707911
424.42442442442444,0.20859589216901897
442.4424424424424,0.24205526920180648
405.20520520520523,0.0529280315354933
454.85485485485486,0.36013741814719635
485.6856856856857,0.6446232744427787
697.4974974974975,0.29462965037133204
735.5355355355355,0.33776145282355585
641.8418418418419,0.16631600928797385
750.7507507507507,0.25431677622332216
743.943943943944,0.08612261332275714
666.2662662662663,0.10234158878293914
727.927927927928,0.3087106673268119
549.7497497497498,0.801231544884538
773.973973973974,0.07181871387640498
576.976976976977,1.0413672068358126
681.8818818818819,0.29209784771854047
790.3903903903904,-0.06319390663531987
754.3543543543544,0.0835319015183433
729.5295295295296,0.2408349415760476
552.1521521521522,0.8299081248786031
714.7147147147148,0.4534996757473031
428.028028028028,0.21886555725877346
692.2922922922924,0.28690796800499535
502.9029029029029,0.875338454457729
704.7047047047047,0.4198751906430852
486.4864864864865,0.704201218048476
665.065065065065,0.2336453805069999
513.3133133133133,1.0319572040332703
764.3643643643644,0.03375795112893604
646.2462462462463,0.20867030906317455
546.5465465465466,0.8922160343018787
613.8138138138138,0.9595858657558168
631.031031031031,0.26520794163968986
547.3473473473473,0.7932931152350067
721.5215215215215,0.44598853241141273
574.974974974975,0.9759646417237116
592.992992992993,1.5647328233636741
498.0980980980981,0.8335611643262629
488.8888888888889,0.7911485603103695
479.6796796796797,1.1467476046106753
404.004004004004,0.07281625896421727
681.081081081081,0.28065870306331225
787.9879879879879,0.0380668184375591
504.5045045045045,0.9191654231031916
554.5545545545546,0.7941459636894697
498.8988988988989,0.8989016385951529
676.2762762762763,0.20130338879902143
469.2692692692693,0.5692573162211804
559.3593593593594,0.7862124488811563
721.9219219219219,0.46510829299244205
687.4874874874874,0.22879460084527345
753.9539539539539,0.23024243042085557
674.2742742742744,0.21258669938437236
729.1291291291291,0.3445997983032009
499.2992992992993,0.8612810276941009
503.3033033033033,0.9565992340709316
571.3713713713714,0.8379100498255045
637.0370370370371,0.2021879385835676
429.22922922922925,0.13849837914491667
568.968968968969,0.9371601829360922
400.40040040040043,0.08600243792412744
682.2822822822823,0.19021242395671906
565.7657657657658,0.7284295447561012
535.7357357357357,0.9162033777333652
539.3393393393394,0.8801091779768568
490.4904904904905,0.7452634292143364
791.991991991992,-0.08741160194195574
781.981981981982,-0.060960881373714026
585.3853853853855,1.4304330926121809
611.4114114114114,1.0327350763738425
515.7157157157158,0.8895942037385147
647.4474474474475,0.20397292726234909
494.8948948948949,0.8971629174163719
677.0770770770771,0.27224391853420593
617.8178178178179,0.8166647121585509
709.1091091091091,0.3964470145259197
527.3273273273273,0.9801942539061693
789.98998998999,-0.045824312662582245
475.27527527527525,0.5717705682203371
701.901901901902,0.31733796413106324
643.8438438438438,0.25322779630668546
567.7677677677677,0.7135668290737505
745.945945945946,0.2563580243621026
736.3363363363363,0.27689480911920866
595.3953953953954,1.584917187582147
448.04804804804803,0.4081197747561197
614.2142142142143,0.8519816253607094
675.4754754754755,0.28494946152165274
621.4214214214214,0.5353177770363106
609.4094094094094,0.96068006070166
746.7467467467468,0.1924916653358543
516.9169169169169,1.011568844958267
623.8238238238239,0.5410242716600082
742.7427427427428,0.23348478357517655
500.1001001001001,0.9546370044891384
744.7447447447448,0.1293978204784567
507.3073073073073,0.8335409907671693
616.6166166166166,0.8039017299969431
739.9399399399399,0.2828599488538763
743.1431431431431,0.2097425321002498
502.1021021021021,0.831150175517864
521.7217217217217,1.0335603022997581
614.6146146146147,999999999.7189918
588.988988988989,1.538585116231373
620.6206206206207,0.44852340683390757
430.4304304304304,0.19984297256853292
517.7177177177177,0.9817483638115204
722.7227227227227,0.23685211805335962
695.0950950950951,999999999.8078705
757.5575575575576,0.06433973620335964
795.5955955955956,-0.10011811330574133
583.7837837837837,1.3889457260111882
596.1961961961962,1.5536398264772802
531.3313313313313,0.8982886745883192
633.033033033033,0.2553352242664441
549.3493493493494,0.8401677328614858
456.85685685685684,0.2648201147287627
777.1771771771772,0.020457800646671853
631.8318318318318,0.3133847840883348
677.8778778778778,0.22320881453921504
504.1041041041041,0.9373419202135642
626.6266266266266,0.4204539316826268
463.2632632632633,0.40392878564798745
787.1871871871872,0.04737306953051046
669.0690690690691,999999999.765392
629.0290290290291,0.38611454212438
582.5825825825826,1.2506939534386647
793.5935935935936,-0.10352618449444806
583.3833833833834,1.246756560857073
593.3933933933934,1.5771963573546226
613.4134134134134,0.8709255747454552
494.4944944944945,0.8708018319136175
784.3843843843845,0.04176869925716442
768.7687687687687,-0.05305931908267941
673.4734734734735,0.23061417605928236
406.00600600600603,0.12734754672699644
470.47047047047045,0.564866519605871
599.3993993993994,1.5563153211567866
566.5665665665665,0.8292342073286402
544.944944944945,0.8639982592707994
703.5035035035035,0.3729535566481359
419.61961961961964,0.21731964736540343
458.85885885885887,0.49558245712692833
489.2892892892893,0.717902036834804
628.6286286286286,0.42052702917952695
578.9789789789791,1.0908142186189196
653.8538538538539,0.24108886952157058
605.4054054054054,1.0334833331044415
649.049049049049,0.08544232289245876
720.7207207207207,0.4499954330291865
452.85285285285283,0.35327325171168744
742.3423423423424,0.39510855113378307
737.5375375375376,0.2752408029212708
674.6746746746746,0.12928509651674494
629.4294294294294,0.31561203116888104
418.01801801801804,0.1462375673042142
780.3803803803804,-0.015513608992921979
604.6046046046047,1.0905124748490693
425.6256256256256,0.25969483665623894
432.43243243243245,0.1471027886051138
733.933933933934,0.27129809285412965
421.6216216216216,0.27547468253376106
681.4814814814815,0.215958287275291
557.7577577577578,0.7665427135428496
783.1831831831832,0.02439095168376937
711.1111111111111,0.313022335955917
432.032032032032,0.17859147709682022
729.9299299299299,0.4136113784248023
528.1281281281281,0.9383104248328428
737.9379379379379,0.17427936181752013
779.97997997998,-0.0141710259597011
716.7167167167167,0.34514087792677867
431.63163163163165,0.19460106734722704
541.3413413413414,0.9000573898875557
408.008008008008,999999999.9837404
663.4634634634635,0.15588046560417096
712.7127127127128,0.42427671670634864
552.952952952953,0.8600223248793915
480.08008008008005,1.2877271198735543
514.1141141141142,0.9133321272739153
700.7007007007007,0.3397971642954476
772.7727727727728,0.02572987818051159
426.4264264264264,0.1201040364599479
551.7517517517517,0.8363190414687397
416.016016016016,0.16432255672915955
754.7547547547548,0.09509571542550024
667.8678678678679,0.26645432750022824
756.7567567567568,0.09683662613016655
471.2712712712713,0.46663788056239847
775.975975975976,0.024087169283023735
525.3253253253254,0.9652566023687864
468.0680680680681,0.45225931149028137
725.5255255255256,0.475657046393105
605.8058058058058,0.9740912426490672
454.05405405405406,0.3778271127087284
669.86986986987,0.22939153562517337
752.3523523523525,0.23516237713880567
629.8298298298298,0.30962827167776286
636.2362362362362,0.22695416267415744
458.45845845845844,0.4364386088053702
461.26126126126127,0.41722760860042274
724.7247247247248,0.46567680479362217
766.7667667667668,999999999.8382388
557.3573573573574,0.8152766626892688
418.81881881881884,0.2824876860766606
613.013013013013,999999999.6764609
719.1191191191192,0.44317788875992864
529.3293293293293,1.0521213107664764
722.3223223223224,0.31027129621462746
464.46446446446447,0.33268086780547507
624.6246246246246,0.48896466900019026
403.2032032032032,0.09750938932418933
410.81081081081084,0.06745524742674917
516.1161161161161,0.9081362785205151
757.957957957958,0.08017579072852493
578.5785785785786,1000000000.186728
748.3483483483484,0.12857110313312348
685.885885885886,0.3293089851696996
655.8558558558559,0.25614962718038276
627.0270270270271,0.3723375907725412
408.8088088088088,0.1765600444937022
789.1891891891892,-0.05710171341111048
788.7887887887888,0.025441730462412382
572.1721721721722,0.9598844049831443
526.5265265265266,1.0196117144232115
761.1611611611612,0.13906544870507614
731.1311311311312,0.4328035673046438
409.20920920920923,0.15454806044855765
691.8918918918919,0.3248637601278178
497.6976976976977,0.8804256105574114
436.036036036036,0.2458115326349524
736.7367367367367,0.3194173070336074
638.6386386386387,0.29400370771267736
534.934934934935,0.9418779569568416
756.3563563563564,0.0779349149001306
666.6666666666667,0.18380657319727617
518.1181181181181,0.9641812847727232
467.6676676676677,0.5269450593318683
734.7347347347347,0.2925012416088105
660.6606606606606,0.19346244247456118
562.5625625625626,0.9072950780351491
548.1481481481482,0.8675733967035575
793.1931931931932,-0.026532117731886296
481.68168168168165,0.8939774432533476
793.9939939939941,-0.047415759226695775
474.4744744744745,0.6079851967194858
445.64564564564563,0.33139661460498615
438.03803803803805,0.20929481927737417
524.5245245245245,0.938211395132649
492.8928928928929,0.8787677579152771
410.4104104104104,0.05172132047838099
763.5635635635635,0.04066466886789849
410.01001001001003,0.02806559363554885
423.62362362362364,0.20881352850927964
568.1681681681682,0.7494835971981125
580.1801801801802,1.2097244583311788
464.06406406406404,0.5061679840242366
798.3983983983984,999999999.8858504
656.2562562562563,0.19652329540928556
441.6416416416416,0.28358929633540064
522.5225225225225,0.9495340096290966
683.883883883884,0.24165997636392061
672.6726726726727,0.22092133633591854
475.6756756756757,0.6065094118938588
699.8998998999,0.3297382063281971
578.1781781781782,1.1787913114086315
741.1411411411411,0.2383900667410275
526.1261261261261,0.9015937607951101
581.7817817817818,1.168599880028582
763.963963963964,0.010734199178831005
671.4714714714714,0.1766975341336401
436.43643643643645,0.18917162196357015
574.5745745745746,0.9655870801600339
761.5615615615616,0.10445368865399018
558.958958958959,0.8417462564611856
795.1951951951952,-0.04884469611857084
531.7317317317318,0.9592921212808807
635.4354354354355,0.23289557831065089
477.6776776776777,0.6305309073453429
437.6376376376376,0.23549396208813114
597.3973973973974,1.533320881376126
492.0920920920921,0.7327760437936297
498.4984984984985,0.9041508766470971
627.8278278278278,0.36986972565221476
725.1251251251251,0.3877347076986701
484.4844844844845,0.7825046319854125
747.5475475475475,0.18636834535272934
440.8408408408408,0.25343124357091695
450.85085085085086,0.24961724387971734
667.4674674674675,0.19098196371065274
765.965965965966,0.09299063041374084
476.4764764764765,0.5014402282595173
772.3723723723724,0.09601820514609472
719.91991991992,0.41039427109288923
473.2732732732733,0.583823571298354
755.9559559559559,0.1581000148339065
471.6716716716717,0.4746195868312287
560.960960960961,0.8225198767757617
635.035035035035,0.20458506927772618
662.2622622622623,0.2418560775787429
519.7197197197197,0.8316278995540796
783.5835835835836,-0.02213750856000568
405.6056056056056,0.20141795989334838
781.1811811811813,0.019935761041281863
532.932932932933,0.9415691498486966
774.7747747747749,-0.014012548178568451
585.7857857857858,1.3023306328876607
670.2702702702702,0.2153511965988559
415.2152152152152,0.1823275468485889
472.07207207207205,0.4990621000648748
734.3343343343344,0.30232232192754543
745.5455455455456,0.24615606377094937
451.25125125125123,0.31163097674824586
665.8658658658659,0.27638044763274605
733.1331331331331,0.25103715917097086
424.024024024024,0.2021178682372162
686.2862862862863,0.31386267581986654
755.1551551551552,999999999.8200663
422.02202202202204,0.1688773962183275
591.3913913913914,1.5057476085063337
506.5065065065065,0.9395112169632093
460.0600600600601,0.3414302163575192
690.6906906906906,0.3699444639247751
514.5145145145145,0.8957565525948293
781.5815815815815,0.005872134267133011
478.0780780780781,0.7132298051784711
645.0450450450451,0.19652497818438805
552.5525525525526,0.7946026107502064
689.4894894894895,0.3119614364366638
500.9009009009009,0.8549178407551796
537.3373373373373,0.9294246993951099
584.5845845845846,1.2962461313551736
587.7877877877878,1.4574333963257242
491.6916916916917,0.8060569309605755
676.6766766766767,0.24614012949508052
797.5975975975975,-0.011448236278813917
554.1541541541542,0.7327877368931466
483.28328328328325,0.79351697143456
766.3663663663664,0.06476552208949043
642.6426426426426,0.1577501063897067
640.2402402402403,0.22216512153079288
723.5235235235235,0.41746217686434134
590.1901901901902,1.5072415118609344
565.3653653653654,0.7993960959820765
429.6296296296296,0.2948410748944202
560.1601601601601,0.8094467540546637
774.3743743743744,0.01169267659124651
711.911911911912,0.42295992695788065
524.9249249249249,0.9586006890695187
459.25925925925924,0.39996333142791485
572.5725725725727,0.8888114232439388
582.982982982983,1.2917583988959953
414.01401401401404,0.16047242134724432
434.4344344344344,0.1360109402950021
515.3153153153153,0.8946945700575262
587.3873873873874,1.3166712730408208
538.9389389389389,0.909017454055064
633.4334334334335,0.2672431138072896
421.22122122122124,0.2971278625979156
490.8908908908909,0.7579737128248036
493.6936936936937,0.8446532897885123
567.3673673673674,0.7499935811277438
786.3863863863864,-0.0650457749471059
599.7997997997998,1.5317764152446576
522.9229229229229,1.0201299084488054
536.5365365365366,0.915987039447398
716.3163163163163,0.37696465425979625
713.9139139139139,0.34532732432641694
409.6096096096096,0.10926207189175238
710.3103103103103,0.26608190200759735
797.997997997998,-0.08402936621756257
465.66566566566564,0.4310243837295231
605.005005005005,1.0322187047534201
440.44044044044045,0.20508150220909288
540.5405405405405,0.8313574031687496
699.4994994994995,0.26628366266813625
641.0410410410411,0.1945476645123349
491.2912912912913,0.716757080855544
401.20120120120123,0.016321238917390717
702.7027027027027,0.3800457408834973
505.3053053053053,0.9158741079665519
584.984984984985,1.3340336183091337
461.6616616616617,0.38071759523465076
775.1751751751751,0.053897968260832985
593.7937937937938,1.5503533159247136
425.22522522522524,0.2582295512964669
555.3553553553554,0.865633977806705
759.1591591591591,0.010434396977262894
402.80280280280283,0.1252333497135433
651.4514514514515,0.17790600784473862
732.7327327327328,0.3333937431543391
602.2022022022022,1.064869324639653
504.9049049049049,0.8580941520311903
422.82282282282284,0.15912302925473684
708.7087087087087,0.39153951691329236
622.6226226226227,0.5867255004630486
501.7017017017017,0.8739206646953692
654.6546546546547,0.24223276686195933
543.7437437437437,0.8409604101120113
619.019019019019,0.6685616341458803
776.7767767767768,-0.029925260057276137
637.8378378378378,0.24537928582563107
624.2242242242243,0.4925964374924649
633.8338338338339,0.31048939354807736
704.3043043043043,0.22625921897660517
697.097097097097,0.2842586547942361
521.3213213213213,1.012900577327462
547.7477477477478,0.8076790816498884
508.5085085085085,0.9382344415517387
581.3813813813814,1.2811608887747312
420.8208208208208,0.146781645074183
580.980980980981,1.219418667861988
598.998998998999,1.6123323150518316
607.007007007007,1.080637542182322
753.1531531531532,0.15840653620151085
506.9069069069069,0.9182871588751778
436.8368368368368,0.2235168467184463
497.2972972972973,0.8665135315215918
444.84484484484483,0.3775730823008476
507.7077077077077,0.8954125050933248
779.1791791791792,-0.07535860155277413
691.0910910910911,0.22843895428150837
483.6836836836837,0.6409837024777727
609.8098098098098,0.9964732817238349
500.5005005005005,0.8835787678795937
542.942942942943,0.8514208794737131
433.6336336336336,0.34024687795094866
422.4224224224224,0.16783471693349206
776.3763763763764,-0.0363088706650857
570.1701701701702,0.7992386936950148
780.7807807807808,-0.045353837235868166
648.2482482482483,0.11311032036992447
412.41241241241244,0.13015383127333488
431.2312312312312,0.24252949656373363
573.7737737737738,0.9902953270174247
658.6586586586586,0.20593212641209632
659.8598598598599,0.16613958744586993
558.1581581581581,0.8632712950026955
619.8198198198198,0.6986886026165122
675.8758758758759,0.24914368725594702
663.063063063063,0.25080800767887435
481.2812812812813,0.8866630787942191
533.7337337337337,0.9384753187471769
650.2502502502502,0.15530307250005101
652.6526526526527,0.25593009020561686
751.5515515515516,0.14379228503222344
689.8898898898899,0.26195097770308323
445.24524524524526,0.3767051969211354
447.64764764764766,0.26027681833892674
560.5605605605606,0.8481313816494166
530.1301301301302,0.9590750097095739
433.23323323323325,0.24834550080073872
785.1851851851852,-0.09714897227012687
502.5025025025025,0.8572582744546536
627.4274274274275,0.2979661222689083
664.2642642642643,0.10944810141369446
465.26526526526527,0.3955412705004079
589.3893893893894,1.5194473353651554
792.7927927927929,0.015231221828869879
678.2782782782783,0.16637520907781828
737.1371371371372,0.33369047708182953
594.9949949949951,1.5119764809747043
546.9469469469469,0.8197494258686715
710.7107107107107,0.45495815787671445
796.3963963963964,-0.05402576956222854
559.7597597597597,0.8227589035365069
449.24924924924926,0.3179638504636319
799.5995995995996,0.05276535733663068
438.83883883883885,0.170167575122383
432.8328328328328,0.22108909096495472
717.1171171171171,0.43239422734576244
591.7917917917919,1.532219446402963
698.6986986986988,0.2790661577905558
566.1661661661661,0.834637118959262
691.4914914914915,0.19476761065113327
717.5175175175175,0.4707043710632851
482.0820820820821,0.7016961606539622
407.2072072072072,0.1085155089283821
563.3633633633633,0.8586366546654172
615.015015015015,0.8534069666414887
579.7797797797798,1.152803710145619
707.5075075075075,0.3770605305471881
769.96996996997,0.0945607635519023
413.21321321321324,0.15560506457850598
643.4434434434435,0.13154433477049265
598.5985985985986,1.7226962399357457
703.9039039039039,0.3378683366632125
715.5155155155155,0.3843323481421406
403.60360360360363,0.24845723836727054
474.8748748748749,0.635949304451274
508.1081081081081,1.0322404552041322
747.1471471471472,0.2223353323249527
708.3083083083084,0.329638889650852
412.8128128128128,0.1668969521107903
707.1071071071071,0.3271853089841118
749.1491491491493,0.22238142550340362
770.3703703703704,0.02101703665498389
607.8078078078079,1.0252604028518693
675.0750750750751,0.2607320461636385
434.03403403403405,0.19334142923598843
771.5715715715717,0.021097988785631627
571.7717717717718,0.8967526098993008
482.8828828828829,0.7179048793263688
447.24724724724723,0.2665737174224299
738.7387387387387,0.18248512361437436
596.996996996997,1.642734287014392
800.0,-0.08607045100353328
511.31131131131133,1.0014787062975312
402.00200200200203,0.05304520325294483
468.4684684684685,0.5357369868374362
594.1941941941942,1.4448545624611537
448.44844844844846,0.3803489029981794
444.44444444444446,0.24904803712467796
769.5695695695696,0.01547416384578193
466.86686686686687,0.4737877569234587
634.2342342342342,0.32130670878796097
596.5965965965966,1.5182447947656943
538.1381381381382,1.0027261827084473
462.06206206206207,0.4435217953614795
620.2202202202202,0.5984649982419658
597.7977977977978,1.6087670851721037
439.63963963963965,0.2775947091226784
480.4804804804805,1.1965174872313464
739.1391391391392,0.24578216687657475
473.67367367367365,0.5205742638897395
653.0530530530531,0.24615254396013533
720.3203203203203,0.2918445797514259
637.4374374374374,0.21111201535221627
550.1501501501501,0.7981642645464043
582.1821821821823,1.2907532219564701
526.926926926927,0.9752387168543161
501.3013013013013,0.8460819316681294
738.3383383383384,0.33360765556024335
601.001001001001,1.1235941733675836
586.5865865865866,1.461191657031784
619.4194194194195,0.6011919007696362
696.6966966966968,0.24235393897869612
448.84884884884883,0.3439716351329809
545.3453453453453,0.8031561571058579
489.6896896896897,0.8455416114805084
634.6346346346346,0.3243577860750044
728.3283283283283,0.331919246276032
551.3513513513514,0.7864183841347258
416.8168168168168,0.24918989756361432
572.972972972973,0.8270294127576447
482.4824824824825,0.6418606675288879
771.1711711711712,0.07010519478860056
683.4834834834835,0.19602913184061538
601.4014014014015,1.050878262237092
459.65965965965967,0.39350944239541175
449.64964964964963,0.3086065936699238
608.6086086086086,0.9856823090898886
659.0590590590591,0.14508237727399412
420.02002002002,0.2018981056478912
440.04004004004,0.16755448628537267
508.9089089089089,0.8138520492711447
694.6946946946947,0.28779620197677597
556.1561561561562,0.828549401270144
668.6686686686687,0.16045008942553413
698.2982982982983,0.3340359112711218
407.60760760760763,0.2033302134026908
428.42842842842845,0.22949882067889343
532.1321321321321,0.9051252141627981
468.86886886886884,0.4979776831262592
438.4384384384384,0.2652136693867614
661.0610610610611,0.25823082594798175
528.9289289289289,0.9482655281420522
632.2322322322323,0.2925759422275086
412.012012012012,0.1349869268765554
775.5755755755756,0.03507865387657183
611.8118118118118,0.9442454617078653
731.931931931932,0.3648073761229783
488.0880880880881,0.7435984244426312
460.86086086086084,0.39705828700541357
556.5565565565565,0.7352683009982455
443.2432432432432,0.4445560304430085
771.9719719719719,-0.03104015724337922
561.3613613613613,0.7519711405935168
635.8358358358358,0.2217304392337099
544.5445445445446,0.914067073198183
550.5505505505505,0.7691336153855759
655.055055055055,0.12821669279410491
600.6006006006006,0.9641057535414648
712.3123123123123,0.43706002966446855
450.05005005005006,0.3514860174760964
631.4314314314314,0.38718194754806884
564.1641641641642,0.9189338559163311
747.947947947948,0.10126038443585841
769.1691691691692,-0.030845771542456046
511.7117117117117,0.9549570393997923
643.0430430430431,0.17550516870450691
726.3263263263264,0.43493001343157334
477.2772772772773,0.6107179350369809
679.4794794794796,0.22687442405957775
690.2902902902904,0.3303164761318399
799.1991991991993,0.013483235374106728
518.918918918919,0.9850053035541967
493.2932932932933,0.8282306345422085
512.5125125125126,1.049114331823155
784.7847847847847,0.0056961208955539355
767.967967967968,0.039097178140564404
486.8868868868869,0.7639763779927974
506.1061061061061,0.9612480939143808
670.6706706706707,0.32293396424860893
705.1051051051052,0.38845210240142247
644.2442442442443,0.23993144565258046
791.1911911911911,-0.005821854106781932
630.6306306306307,0.345764436428314
479.2792792792793,1.0650664420116307
709.5095095095096,0.3618712173551178
603.8038038038038,1.002078795036648
524.1241241241241,0.9993331526754174
705.9059059059059,0.36905353064250895
553.7537537537537,0.8544599646625198
765.1651651651653,0.041831526914224315
773.1731731731732,-0.04343525067326254
446.44644644644643,0.27176389157021463
618.2182182182182,0.6800566039305062
795.995995995996,-0.017795097235559887
452.45245245245246,0.3055764430160599
589.7897897897898,1.4768467823804436
528.5285285285286,0.9107526248175417
418.4184184184184,0.17588508857695628
564.5645645645645,0.8330942511937887
625.4254254254254,0.40966966369235314
442.04204204204206,0.24726095627276465
671.0710710710711,0.16886756805668332
579.3793793793794,1.1365896341134418
701.1011011011011,0.3943581953977079
523.3233233233234,1.0302918801116847
759.95995995996,0.09653551872367885
486.0860860860861,0.6669476737370598
650.6506506506507,0.3423050301503975
527.7277277277277,0.8720033405336203
490.0900900900901,0.7796664007858525
759.5595595595596,0.11950572786071242
685.4854854854855,0.2410369443972069
682.6826826826828,0.21900641007050403
644.6446446446447,0.2370303748207742
455.25525525525524,0.3312743497013003
563.7637637637638,0.807689067212128
797.1971971971973,-0.064482360246569
723.1231231231232,0.43018889284450246
760.7607607607608,0.12558546406498453
652.2522522522522,0.1816378450724516
555.7557557557558,0.7600859235464945
749.94994994995,0.16159375935831893
534.1341341341341,0.962529151512479
677.4774774774776,0.24047738439681357
513.7137137137137,0.8733979527130662
480.8808808808809,1.1276624514061948
725.9259259259259,0.3927544111089433
760.3603603603603,0.09457932659037704
788.3883883883884,0.003247660695676391
484.0840840840841,0.7487482846454947
588.5885885885887,1.454082494507043
740.7407407407408,0.3117773128206252
416.41641641641644,0.165003905877922
794.7947947947948,-0.0038306769152407494
743.5435435435436,0.2032596082148662
450.45045045045043,0.33007087631960685
778.7787787787788,-0.03712095215346467
467.26726726726724,0.4788237314984233
758.7587587587589,0.13019300763415598
654.2542542542543,0.291771447695591
607.4074074074074,0.9780757744808998
575.3753753753754,1.0564340420991236
454.45445445445444,0.47645852622687235
706.7067067067067,0.473325106630716
794.3943943943943,-0.13958013961832105
786.7867867867868,-0.0613218532496525
751.951951951952,0.20446447946718374
623.023023023023,0.5117998603741591
540.1401401401401,0.8610482547200544
414.4144144144144,0.13437106582845143
739.5395395395395,0.23186837242799413
434.83483483483485,0.2661500859244206
617.4174174174175,0.7419201537901602
762.7627627627628,-0.017742408261074982
683.0830830830831,0.29102135595681194
512.1121121121121,0.9249065023383373
463.66366366366367,0.5076954599438195
661.4614614614615,0.32040098729481004
649.4494494494495,0.22330275905351454
543.3433433433433,0.843995875762884
